NEWS,PREDICTION,LABEL
11 out of 13 people (from the Diamond Princess Cruise ship) who had intially tested negative in tests in Japan were later confirmed to be positive in the United States.,REAL,FAKE
No one can leave managed isolation for any reason without returning a negative test. If they refuse a test they can then be held for a period of up to 28 days. ‚Å£ ‚Å£ On June the 16th exemptions on compassionate grounds have been suspended. ‚Å£ ‚Å£,FAKE,REAL
You can still fly the friendly skies without fear of COVID if airlines stay serious about safety. https://t.co/H8mGjwDl7G #coronavirus,FAKE,REAL
Tomorrow April 6 we will pass 10000 coronavirus deaths. We passed 5000 on April 2. We passed 1000 on March 26. We passed 100 on March 18.,FAKE,REAL
Gov. Andrew Cuomo ‚Äúwas simply saying if we can share 20 percent of your excess your non-used ventilators to help people in other parts of the state on a voluntary basis that would be great. Of course there was a reaction to that which was not positive.",REAL,FAKE
Double Dropping Two Yokes Proven To Work Against Covid-19 https://t.co/yZ5Woa0pXU,REAL,FAKE
RT @DrTedros: The üåç is suffering but rays of light are visible. Several #COVID19 vaccines are in the final stages of their trials. Factorie‚Ä¶,FAKE,REAL
RT @CDCtravel: NEW #CDCTRAVELNOTICE: #COVID19 in #Russia. Avoid all nonessential travel to Russia. More information: https://t.co/1D2jJ8zom‚Ä¶,FAKE,REAL
Metro Manila had an 83% rise in COVID-19 cases in one day.,REAL,FAKE
WHO reports record daily increase in global coronavirus cases up over 292000 https://t.co/b0EtsTmqgb,REAL,FAKE
Workers called back on the job deserve access to regular, reliable COVID-19 testing.,REAL,FAKE
.@realdonaldtrump cherry-picked one stat to prove that the US is doing better than most countries in the #COVID19 fight. Other key measures show the opposite. See the charts. https://t.co/JY6Ojd1G7Y,REAL,FAKE
As supply increases the next stage of the vaccine rollout would be expanded based on an assessment of each country‚Äôs vulnerability to the virus.-@DrTedros #COVID19,FAKE,REAL
There is no evidence that children have died because of a COVID-19 vaccine. No vaccine currently in development has been approved for widespread public use. https://t.co/9ecvMR8SAf,REAL,FAKE
The 2005 study found that chloroquine was effective on primate cells with severe acute respiratory syndrome. But while the two share similarities SARS-CoV and COVID-19 are different diseases and primate cells are far from human patients. https://t.co/ryiVuPdNSS,REAL,FAKE
In January within two weeks of the first cases being reported to WHO we published the first protocol for PCR testing for the new #coronavirus. Since then millions of tests have been produced and already rapid tests are now starting to be used-@DrTedros #COVID19,FAKE,REAL
Pedro S√°nchez has a medical team of 14 people to take care of him since the coronavirus crisis.,REAL,FAKE
"THE CHINESE HAVE BEGUN TO USE THEIR HUMAN CORPSE TO PROCESS INTO PRODUCTS SUCH AS CORNED BEEF TO SHIP TO AFRICA. Please share with your contacts. Very important",REAL,FAKE
What will remain of at-home and telehealth innovations in the post-COVID era is the million-dollar question. https://t.co/g5R6a1BbuD,FAKE,REAL
Publications that state that "the new vaccine contains digitizable ‚ÄòRNA‚Äô" an alleged "replicant that is activated by 5G" and that is why "the virus can be reactivated after the patient recovers",REAL,FAKE
Both women are self isolating in the Wellington region. We are confident this is the best place for them to be right now. The family has asked for their privacy to be respected.,FAKE,REAL
Cruise ships sunk as a precaution #COVID19 #CoronaVirus https://t.co/uJfUMCrIse https://t.co/qzDR78e8XV,REAL,FAKE
#Coronavirus: A theatre and two hotels are to be converted into temporary courts to help clear a backlog of cases due to the pandemic https://t.co/PCA7eZAaLQ,FAKE,REAL
Corticosteroids are listed in the WHO Model List of Essential Medicines. They are readily available globally at a low cost. More: https://t.co/eWHzRrYKvO,FAKE,REAL
What makes Brazil the ideal testing ground for COVID-19 vaccines. https://t.co/PfkULdNdff,FAKE,REAL
#COVID Symptoms: Watch for fever cough and shortness of breath. https://t.co/37hDZLCMic,FAKE,REAL
President Trump claimed that new cases of COVID-19 are increasing ‚Äúonly‚Äù because of more testing but the spike in cases far exceeds the increase in testing. https://t.co/MNhLeQYKh3,REAL,FAKE
I also have a joke on COVID 19, Still not received RT PCR report..!! https://t.co/Fe1nXOAfYf,REAL,FAKE
19 clarifications so that the population is no longer misled about COVID-19,REAL,FAKE
@SueSensus @SuzanneEvans1 @MattHancock The reason the NHS is refusing to treat vulnerable people with cheap, readily available life-saving medication in the midst of a pandemic, is because it is a vehicle for social control, not a health service. Chloroquine was an OTC drug in UK prior to the COVID.,REAL,FAKE
The battle against coronavirus is not over Matt Hancock says the number of patients in mechanical ventilator bed has risen above 100 for the first time since July and calls for the country to "come together against this common foe" Read more here: https://t.co/tG2cktJSKP https://t.co/hPs6gkeGLd,FAKE,REAL
RT @CDCDirector: As the number of people in our Nation who have died from #COVID19 surpasses 100000 this is a heart-breaking reminder of‚Ä¶,FAKE,REAL
Didn't get a chance to tune in to our discussion with @drsanjaygupta yesterday? You can watch the full Q&amp;A on COVID-19 with PolitiFact Editor @AngieHolan and @MediaWise‚Äôs @AlexMahadevan here. https://t.co/e16G2RGdkA,REAL,FAKE
Coronavirus testing in the UK has been cobbled together by a government that doesn't really understand the science behind it all says @profkarolsikora. https://t.co/OZByZ7LHIg,FAKE,REAL
Due to the #COVID19 pandemic at least 30 measles vaccination campaigns were or are at risk of being cancelled which could result in further outbreaks in 2020 and beyond https://t.co/fexIvlFgqD üì∑: @UNICEF https://t.co/LHfusc89Xt,FAKE,REAL
The rate was 2x that of community-acquired #COVID19. https://t.co/uMx7fkVGvD,FAKE,REAL
Official figures show that a further 18 people have died in the UK in the last 24 hours after testing positive for #COVID19 and 3899 new cases have been recorded. For the latest #coronavirus news click here: https://t.co/qyLUOU4lRw https://t.co/M4duhyLTzk,FAKE,REAL
There were no COVID-19 deaths in Fortaleza Brazil on May 29.,REAL,FAKE
Brazilian new Minister of Health Nelson Teich is investigating COVID-19 statistics for alleged fraud. Because of that the number of cases and deaths have been falling in Brazil on the week of April 24.,REAL,FAKE
Instead we‚Äôll be highlighting Black-led organizations doing the work to understand and respond to COVID. Give attention give money celebrate the hard work of keeping the people safe and healthy in a society structured by anti-Blackness.,FAKE,REAL
The N95 respirator offers the most protection against viral particles for the wearer. But other masks are effective in reducing the reach of COVID-19 because they help stop asymptomatic individuals from unknowingly spreading the disease. https://t.co/WON66S3OKT,REAL,FAKE
The testing issue is actually a government success. Leader of the House Jacob Rees-Mogg has defended the government's record on #coronavirus testing saying it's going as "well as could possibly be expected considering the demand". More here: https://t.co/lhnP9TGsnt https://t.co/fzuxpxEjbf,FAKE,REAL
An article from April announcing a new study ‚Äúconnects‚Äù the flu vaccine and an increased risk of coronavirus is based on data from 2017-18 and doesn‚Äôt include COVID-19. https://t.co/sIh5mE3hdP,REAL,FAKE
#Coronavirus: The UK's top scientists have proposed a two-week national lockdown in October according to a newspaper report https://t.co/WbAn7THFm2,FAKE,REAL
Harvard and MIT scientists self-administered a DIY #covid vaccine without FDA authorization. https://t.co/CSWL2b4G23 https://t.co/HK3hPcwUNx,FAKE,REAL
#IndiaFightsCorona: #COVID Cases and Sero Survey Status: India has one of the lowest cases per million population. It is 3445 for India as compared to 19295 for USA 20146 for Brazil 7283 for Russian Federation and 10929 for South Africa. Details : https://t.co/f0eF947MEU https://t.co/GM0ZYR5nwR,FAKE,REAL
BREAKING! Families of NHS workers who die of covid-19 to be offered ¬£60k compensation or a couple of thousand sets of PPE that we'll have by then,REAL,FAKE
Visit a hospital if you are experiencing cough, high fever,REAL,FAKE
Florida May Have To Close https://t.co/PJikoQH1mT #coronavirus #florida #hurricane #tsunami,REAL,FAKE
Health Secretary Matt Hancock has not ruled out a second national lockdown telling Sky News: "We'll do what is necessary to keep people safe" https://t.co/oXqu0QWJPH,FAKE,REAL
3 (cont'd): This is good news in the sense that COVID patients spending less time in the hospital reduces strain on hospitals. Unfortunately though one of the reasons COVID patients are spending less time in hospitals is that they are dying quicker than initial data suggested.,FAKE,REAL
That said experts think we need much much more testing. For example @HarvardGH thinks we need a minimum of 500000 tests per day. We've come a long way but we're not there yet. And other expert groups think we need millions of tests per day. https://t.co/2Ptlz1kMBq,FAKE,REAL
Weston General Hospital in Somerset has apologised over the deaths of patients in a COVID-19 outbreak in May. https://t.co/PIr3oBism2 https://t.co/SdsZzuOJxD,FAKE,REAL
How deadly is the coronavirus #COVID19? Scientists are close to an answer @nresearchnews Infection fatality rate explained by Robert Verity @MRC_Outbreak and Timothy Russell @LSHTM https://t.co/9lw9RSXnnd,FAKE,REAL
Q: How do I clean fruits and vegetables during #COVID19? A: ‚Ä¢ Do NOT wash produce with soap disinfectant or any other chemical. ‚Ä¢ Rinse fruits and vegetables under cold running tap water. ‚Ä¢ Scrub uncut firm produce with a clean brush. https://t.co/h6bNriqVop https://t.co/UePnhL9znm,FAKE,REAL
The outbreak of #COVID19 #CoronaVirus is now declared a #Pandemic by the @WHO https://t.co/kYCw20gc83,FAKE,REAL
#FactCheck: Is #mouthwash proving to be effective against #Coronavirus? Researchers surely have found encouraging results. NOTE: Mouthwash is not a cure but it still can help. Read details here https://t.co/SJK0rzMWwu https://t.co/rioVdCjwjg,REAL,FAKE
A @CritCareMed study of various ICUs in Georgia found that of critically ill COVID patients who needed ventilation 35.7% died and 4.8% were still hospitalized after a month. Overall 30.9% of critically ill COVID patients died. https://t.co/CCKibPxrAa,FAKE,REAL
Coronavirus: Scotland sees record 486 people test positive in a day https://t.co/UBbDEU1Ebm,FAKE,REAL
You can see the ways that the outbreak has shifted since March in this timeline of cases per million people. https://t.co/vbs73mCKFq,FAKE,REAL
??ÔøΩIf you line up all the countries that have done (Covid-19) testing on a per-capita basis, we???re at the bottom of the list.??ÔøΩ,REAL,FAKE
Only Canadian who supports reopening US border catapulted across Detroit River #cdnpoli #CODVID19 https://t.co/8FCqJ2qt9i,REAL,FAKE
Lockdown in MP again due to rise in covid cases,REAL,FAKE
Coronavirus, a weapon that fell from the sky for the United States in its fight against China,REAL,FAKE
Health officials caution against the use of chloroquine or hydroxychloroquine to treat COVID-19 patients citing the possibility of serious side effects. There are currently no approved treatments for the virus. https://t.co/ryiVuPdNSS,REAL,FAKE
FDA chief @SteveFDA rejects the president‚Äôs implication that the agency is delaying a #coronavirus vaccine. https://t.co/xKegzc7DuU https://t.co/szuQqP7fqU,FAKE,REAL
Jair Bolsonaro has the new coronavirus.,REAL,FAKE
COVID-19 deaths in the Brazilian state of Amazonas fell after visit of new minister of Health.,REAL,FAKE
As for the Russian COVID vaccine Fauci is among the doubters. https://t.co/ged4pZv475,FAKE,REAL
Only 38% Pakistanis can recall state helpline for coronavirus: report". geo.tv. Retrieved April 13, 2020.,REAL,FAKE
There are 12 States/UTs with a #RecoveryRate &gt;70%. These are: ‚ñ™Ô∏è #Bihar (70.40%) ‚ñ™Ô∏è #Gujarat (70.72%) ‚ñ™Ô∏è #HimachalPradesh (74.21%) ‚ñ™Ô∏è #MadhyaPradesh (74.85%) ‚ñ™Ô∏è #Haryana (74.91%) ‚ñ™Ô∏è #Tripura (75.34%) ‚ñ™Ô∏è #Rajahthan (75.65%) ‚ñ™Ô∏è #Delhi (76.81%) ‚ñ™Ô∏è #Chandigarh (77.07%) https://t.co/kl6z3VBYTY,FAKE,REAL
In Ohio percent-positive rose from 3.7% week of June 14 to 5.4% this week and the hospital curve is also concerning. We‚Äôll be watching these two closely over the coming weeks. https://t.co/Q8AMI2kskQ,FAKE,REAL
FDA Urges More Coronavirus Testing so that Treatment of Cold-Like Symptoms Can Proceed Exactly as It OtheÔøΩ https://t.co/2YaXkMou0Y #health,REAL,FAKE
Coronavirus: Company behind 15-minute antigen test says it's a 'game changer' https://t.co/HcT53xhdAH,FAKE,REAL
A better milestone. New York City saw at least one COVID-19 death on every day since mid March. That's 120+ days. Yesterday after months of communal effort by the people of the city New York City finally reported 0 new deaths.,FAKE,REAL
At the same time we are responding to #COVID19 by expanding testing and treatment buying urgently needed medicines and protecting health care workers. -@DrTedros https://t.co/eY8xs5EppG,FAKE,REAL
Philippines had no SARS case in 2003 because of prompt travel ban, but highest Covid-19 cases in Asia in 2020 because of late ban,REAL,FAKE
Rates of thyrotoxicosis are significantly higher among patients who are critically ill with COVID-19 new research finds. https://t.co/eo293ROopA https://t.co/z6QKZptwXs,FAKE,REAL
At this stage only the man will be counted as a confirmed case as he has returned a weak positive result on the PCR test. The other family members will be recorded as probable cases.,FAKE,REAL
We spoke with Dr. Jason Wang Director Center for Policy Outcomes and Prevention at Stanford University about the spread of Covid and how to re-open our public spaces and businesses safely. https://t.co/LmRz1X8M5G,FAKE,REAL
Boris Johnson responds to Angela Rayner's letter from "Keir" saying he wonders why the Labour leader isn't in the House of Commons today as his test was "negative". The PM adds that 89% of people get their COVID test results the next day. #PMQs https://t.co/F0rLCeox1K https://t.co/xYT8THgLfe,FAKE,REAL
if we test aggressively test through RT PCR, TRUENAT,ANTIGEN tests Definitely KA cross 1.5lac COVID 19 +ve cases..Still Our @MoHFW_INDIA updating "Invisible data's"..! At least 10m We should struggle With COVID 19..!! @csogok @mla_sudhakar @drashwathcn https://t.co/ycGqlY8Le3,REAL,FAKE
Govt. of Nigeria is restricting entry into the country for travellers from: China Italy Iran South Korea Spain Japan France Germany United States of America Norway United Kingdom Netherlands &amp; Switzerland These are countries with &gt; 1000 cases domestically,FAKE,REAL
The World Health Organisation is devising a five-year plan after warning a vaccine ‚Äòwon‚Äôt end‚Äô the pandemic. Follow live üëá https://t.co/NyZLPJyfxM,FAKE,REAL
When people contract the virus they do not show symptoms right away. Even as states begin to reopen people will need to quarantine themselves if they have been silently exposed to someone with COVID. How will they know? That‚Äôs where contact tracing comes in.,FAKE,REAL
Noel Gallagher says he refuses to wear a face mask while shopping as he goes against laws brought in during the pandemic to curb the spread of #coronavirus https://t.co/HkXZMeyeh6,FAKE,REAL
NEJM letter says saliva test as good or better than nasal swab for COVID test. https://t.co/k3ienp4iiO,FAKE,REAL
Extraordinary. SWAT teams take down coronavirus suspects on China highway.,REAL,FAKE
#COVID19 ‡§á‡§∏ ‡§π‡§´‡§º‡•ç‡§§‡•á ‡§π‡§Æ‡§æ‡§∞‡•á ‡§¶‡•á‡§∂ ‡§Æ‡•á‡§Ç ‡§Ü‡§Å‡§ï‡§°‡§º‡§æ 10,00,000 ‡§™‡§æ‡§∞ ‡§ï‡§∞ ‡§ú‡§æ‡§è‡§ó‡§æ‡•§ This week we will cross 1 million.

https://t.co/ZttBYzPabl,REAL,FAKE
RT @dpfunke: A data table from the World Bank is causing a lot of confusion about coronavirus testing equipment. To be clear: COVID-19 tes‚Ä¶,REAL,FAKE
-Complying with all MoH guidelines -staying 2m apart from people outside their bubble washing their hands coughing into their elbow -Not attending supermarkets shops petrol station or similar services.,FAKE,REAL
‚ÄúTesting in London is still a mess.‚Äù Mayor of London Sadiq Khan explains what new measures he would like to see in the capital and calls to sit in on of the government‚Äôs COBRA meeting. Get the latest on #coronavirus: https://t.co/jw9VSoGjgO https://t.co/x2HcEbjmel,FAKE,REAL
Labor Day festivities are expected to cause a surge in COVID cases. With college and school reopenings experts recommend social distancing mask-wearing and testing before and after for those who choose to celebrate. Read on @CNN: https://t.co/XYEiwdBWQC,FAKE,REAL
CDC Warns that Coronavirus May Linger on Petals, So Don‚Äôt Stop and Smell the Roses https://t.co/v38BeOJu1v #coronavirus #time #covid19,REAL,FAKE
#IndiaFightsCorona: #TheNewNormal of visiting in a Hospitalüëá ‚úÖGet an appointment with a doctor prior visiting to Hospital ‚úÖCarry your #COVID safety kit ‚úÖOnly 2 people are allowed to accompany the patient to the hospital ‚úÖMandatory use of mask/face-cover Via @NITIAayog https://t.co/DfczaOtNln,FAKE,REAL
A Tokyo hospital destroys all the PCR-tested samples and tells patients instead that they have tested negative.,REAL,FAKE
Navigating immunosuppression during the pandemic continues to challenge patients and providers. Thanks to the Medical Dermatology Society and Society of Dermatology Hospitalists, here is an article to help navigate these difficult decisions. https://t.co/Xg4NTCwML9 https://t.co/vW8zvceTus,REAL,FAKE
US arms doctors to shoot COVID-19 on site #CoronaVirusUpdates #COVID„Éº19 
https://t.co/yYWV4KzOIl https://t.co/xlR7cqFCqm,REAL,FAKE
When WWN is not bringing you the latest on Covid-19, it will be bringing you The Distraction Zone.

Save, bookmark and ignore social distancing to keep close to the following link as each day we'll bring you necessary non-news news:

https://t.co/8MQCHs3fqk,REAL,FAKE
Newly updated information on HCQ for coronavirus. https://t.co/QzVEzHtI7r https://t.co/hq0eU6MrZh,FAKE,REAL
Noel Gallagher says he refuses to wear a face mask while shopping as he goes against laws brought in during the pandemic to curb the spread of #coronavirus https://t.co/sPp08WBRfO,FAKE,REAL
#covid19 #coronavirus #coronavirusupdate Three British Muslim doctors died within days of each other from the coronavirus, amid reports that NHS staff are being denied basic protective equipment 

https://t.co/SBcEV6pPAm,REAL,FAKE
#ZuckOff #TakeItFromADoctor and a video with false claims on mask wearing and #hydroxychloroquine. https://t.co/0WH13B5iqT https://t.co/04eETBikNd,FAKE,REAL
Hollywood actor Paul Rudd has encouraged young people to wear face masks in an entertaining video as the US grapples with the #COVID19 pandemic https://t.co/0uEqyLlCna,FAKE,REAL
???If you have had a flu shot in the last 3-5 years, you will probably test positive??ÔøΩ for COVID-19.,REAL,FAKE
#Covaxin, India's indigenous #Covid19 vaccine is developed by @BharatBiotech in collaboration with @icmr_niv. Preclinical studies with small and large animals successfully completed. Phase 1 human clinical trial completed. Phase 2 human clinical trial ongoing.,REAL,FAKE
RT @CDCDirector: In every crisis there is an opportunity. The #COVID19 pandemic is highlighting the need for us as a Nation to address l‚Ä¶,FAKE,REAL
To answer this we need better #ContactTracing more testing and more follow-ups on those without #coronavirus symptoms. https://t.co/z7vjVDGLHW https://t.co/GAxCVFkLyX,FAKE,REAL
Thrombosis is the leading cause of COVID-19 deaths,REAL,FAKE
This sounds like lot of money and it is. But it‚Äôs small in comparison to the 10 trillion dollars that have already been invested by @g20org countries in fiscal stimulus to deal with the consequences of the #COVID19 pandemic so far-@DrTedros https://t.co/ChJzYltMXA,FAKE,REAL
Looking for ways to help while Quarantined? üçî Support local businesses by ordering takeout or buying gift cards ‚ù§Ô∏è Donate blood via @RedCross ü•´ Donate to your local food banks ‚òéÔ∏è Check in with your neighbors especially those living alone Most Importantly #StayAtHome,FAKE,REAL
Florida has shut down many testing sites due to the storm but here‚Äôs a post to help break down the differences between the Florida outbreak and what we saw in New York back in the spring. https://t.co/VTw86CFW8X,FAKE,REAL
Coronavirus lives on the hands for 10 minutes, but can be prevented with alcohol hand sanitiser.,REAL,FAKE
Actor Paul Rudd pleads with 'millennials' to wear a face mask in order to prevent the spread of #coronavirus and save lives. Get more on this story here: https://t.co/X9HmGOlXMz https://t.co/O777nMMNUN,FAKE,REAL
A text by C. S. Lewis from 1942 talks about a "pandemic of fear". It says the devil took many souls to hell because they became too attached to their earthly lives through fear.,REAL,FAKE
Says Nostradamus predicted the coronavirus in a 1551 passage about a plague spreading from the east.,REAL,FAKE
Medscape Exclusive white paper: More than 60% of physicians worldwide made a pivot to medical online content during the pandemic. Many believe the changes are permanent. https://t.co/sZ3kyU7KvZ,FAKE,REAL
Black Americans are hospitalized for coronavirus at 4x the rate of White Americans. https://t.co/NNITwiUhmM https://t.co/ESLcaQweIU,FAKE,REAL
People from across the country have shared their struggles to get a COVID-19 test https://t.co/qcOedDT1Ua,FAKE,REAL
With the void of leadership in the White House, governors across the country have stepped up to meet this moment. This afternoon, I‚Äôll be joined by a few of them for a roundtable discussion on COVID-19. 

Tune in at 3:30 PM ET to watch: https://t.co/xk0GcS7PGq https://t.co/1EONVfE0pk,REAL,FAKE
There are now 33 retracted #COVID papers. https://t.co/1i23JMdAcC,FAKE,REAL
Claim: India‚Äôs case growth will peak by early May and reduce to 0 by May 16 said V.K. Paul of COVID-19 Empowered Group 1 on Apr 24. Fact: 53 days since a countrywide #lockdown cases have risen by &gt;3000/day for a week https://t.co/HZAmkZFIRk,REAL,FAKE
Social distancing results in record low flu numbers. https://t.co/W602GLAlxH https://t.co/BIj9tfzXlS,FAKE,REAL
#IndiaFightsCorona: üìç Epidemic diseases (amendment) ordinance 2020 ‚û°Ô∏è Attacks on doctors and health workers now a grave offence ‚û°Ô∏è A jail term term of up to 7 years and fine upto Rs 5 lakh ‚û°Ô∏è Cases to be investigated within 30 days and verdict within a year #StaySafe https://t.co/1rgx4JM1yr,FAKE,REAL
Boris Johnson has said he does not want to put the country in another national lockdown but warned the government may need to "intensify things to help bring the rate of infections down" https://t.co/u5jh1xw8NW,FAKE,REAL
COVID-19 testing could be done with mouth swabs, so maybe deeper swabbing is ‚Äúimplanting something.‚Äù,REAL,FAKE
#IndiaFightsCorona India registers a Record of Highest Single day recoveries. More than 1 lakh patients recovered in the last 24 hours. https://t.co/bpLsO0cusi https://t.co/Sd4Ct5z2cK,FAKE,REAL
Anyone interested in rise of fascism globally (and that should be everyone) should read this report by @AmarAmarasingam on how Hindu nationalists use Covid-19 to spread anti-Muslim hate and violence.
https://t.co/05YYjtytuW,REAL,FAKE
Sources confirm COVID 19 Vaccine Needs at least 6 to 10m for Clinical Trials on more than 5000 But @ICMR Choosing only 1100 +ve Patients &amp; Eager to complete Before August 15,2020 means...? https://t.co/7X8fUIMAcb https://t.co/X6Fu7Pk4oB,REAL,FAKE
Coronavirus: UK records 20 deaths of people with COVID-19 and 3991 new daily cases https://t.co/mJegtKecWA,FAKE,REAL
Hepatitis C drugs show promise against the #coronavirus but clinical trials must confirm. https://t.co/Ormd96du6D https://t.co/aYp5ysCVeD,FAKE,REAL
How to manage patients with OCD during #COVID19. https://t.co/K55E1Z3ESf,FAKE,REAL
Should doctors be free from #malpractice lawsuits stemming from delayed treatments as result of #COVID? https://t.co/pzlWBfUred,FAKE,REAL
Vitamin D can help reduce coronavirus risk by 54%

https://t.co/0EpQSWpGfv,REAL,FAKE
The Russian COVID-19 vaccine has basically leapfrogged more than a dozen other vaccine candidates that are further along in this process. Might it work? Maybe. Has it been shown to be safe and effective? Not by the usual rules. Here's where others stand: https://t.co/DI3R7aa5VX,REAL,FAKE
Even asymptomatic carriers can show evidence of #coronavirus in their stool. https://t.co/VSJJThQRvv,FAKE,REAL
Noimot Salako Ogun state deputy governor claimed her state deployed Africa‚Äôs first mobile COVID-19 testing lab.,REAL,FAKE
Billboard Top 10 Music Chart - Sponsored By The Coronavirus https://t.co/L0TgcKW4MG #music #coronavirus #covid19,REAL,FAKE
Gyms, swimming pools and other fetid death traps to reopen this week https://t.co/zGaMVAgtva,REAL,FAKE
We could see 100K #coronavirus cases a day Fauci says at Senate hearing. https://t.co/3oVjbEnn3f,FAKE,REAL
Children do contract the coronavirus but current research shows it is happening at a much lower rate than for adults. https://t.co/GW4aSvUOst,REAL,FAKE
MHA Permits All States To Open Schools During Lockdown,REAL,FAKE
Right,Bold Decision @rights_india time.. Kudos to Byrti sir, In this pandemic all Pvt hospitals looting patients still @MoHFW_INDIA officials Connived2defend.themselves.!! India share of active cases 33%(World 35%) It seems "to be cautious".! @BSYBJP @PMOIndia @drharshvardhan https://t.co/xk6yuFW3z2,REAL,FAKE
A COVID test that can give results in just 15 minutes is being heralded as "game changing" by the company that makes it https://t.co/ZkYvo21zp2,FAKE,REAL
The states reported more than 26000 newly discovered cases today. The base of tests was quite large though so the positive rate was ~7%. https://t.co/LhR6QRQRlW,FAKE,REAL
The fight against Covid takes warriors. Each and every one of us are warriors against this virus so make sure you‚Äôre fighting it the right way. Wash your hands. Wear a mask. #StayAtHome. We can beat this.,FAKE,REAL
The biggest pandemic to ever hit world are not one but two -
1. Conversion to I
2. Conversion to C
Much worse than Corona. Because Corona goes away in 2 weeks. This persists till generations are doomed. 
Agniveer will fight this pandemic as top priority. Bless us. https://t.co/QilTRXF9Ps,REAL,FAKE
Says if you donate blood, ???they HAVE to test you??ÔøΩ for coronavirus.,REAL,FAKE
Thrombosis is the main cause of death for COVID-19 patients. Antibiotics can treat coronavirus patients.,REAL,FAKE
Turns out the NHS cannot make a better COVID tracking app than Google or Apple. https://t.co/fUqBumux30 https://t.co/YHPeb4E0Ax,FAKE,REAL
Children are not immune to the #coronavirus. https://t.co/xA8tVVMTYU,FAKE,REAL
A @Target spokesperson said the company plans to continue ‚ÄúHeroes &amp; Helpers‚Äù an event that pairs underserved children with officers to shop for holiday gifts. The company says careful considerations are underway on how to manage the event amid COVID-19. https://t.co/WdHJ3zkMQn,REAL,FAKE
At this Critical Scenario We need full fledged 25 teams of 100 lab technicians under 2 MicroBiologists (for Virtual Administration) needed. Train All Graduate teachers of KA to test COVID 19 Samples We can do this ..@BSYBJP @mla_sudhakar @csogok @ChangeOrg_India @narendramodi https://t.co/EV2r2fOkeh,REAL,FAKE
Measures for #COVID19 Easing of Lockdown Phase 2 PUBLIC SPACES: üò∑Mandatory use of face masks üå°Mandatory temperature checks ‚ÜîÔ∏èPhysical distancing of 2 metres üíßFacility/business owners must provide hand washing facilities or sanitisers #TakeResponsibility https://t.co/u8HezDIZep,FAKE,REAL
South Sudan's president and senior ministers have appeared in public in recent weeks wearing so-called ‚Äúvirus removal cards‚Äù clip-on tags marketed as prevention against infectious diseases. AFP Fact Check found the items for sale online in various countries including Lebanon Malaysia and the Philippines.,REAL,FAKE
Top tip for care home workers. If you‚Äôre getting blamed for not following Coronavirus guidelines, just tell Boris you did it to test your eyesight. Then he‚Äôll defend you to the hilt.,REAL,FAKE
@thereidout @JoyAnnReid Airborne #COVID19 is the pre-existing condition that‚Äôll financially bury American #families whose states‚Äô governors are manipulating #data to force #children back into #school w recirculated air conditioning which cannot be economically &amp; adequately disinfected. #WarCrimes https://t.co/000wAOE6E1,REAL,FAKE
There are up to 500 million indigenous peoples worldwide in over 90 countries. Indigenous peoples have unique cultures and languages and deep relationships with the environment-@DrTedros #COVID19,FAKE,REAL
There have now been 25 COVID-19 related deaths in New Zealand. Our thoughts are with this man‚Äôs family and friends during this difficult time as they mourn the loss of their loved one. They have requested privacy as they grieve and we ask that is respected.,FAKE,REAL
???Since the reopening of (Georgia), we???ve seen our COVID rate skyrocket by 40%.??ÔøΩ,REAL,FAKE
Coronavirus curfew: Pubs and restaurants will be forced to shut at 10pm https://t.co/yxHTp32lWy,FAKE,REAL
She has been travelling with her siblings and mother who have all tested negative at this stage. Her only symptom was a runny nose. She flew from Pakistan via Doha to Melbourne then Auckland.,FAKE,REAL
Man Who Broke Lockdown Constantly &amp; Never Wears Mask Annoyingly Hasn‚Äôt Gotten Covid-19 Yet https://t.co/jnP1Vt18GQ,REAL,FAKE
"There was no real scientific basis for believing that" social distancing would be necessary, "since it had never been studied.",REAL,FAKE
ICMR- NIRT has initiated a multi-centric study to see if BCG vaccine can reduce the severity of #COVID19 among elderly individuals aged 60 years. This study will be carried out in 6 states of the country: Tamilnadu Maharashtra Gujarat Madhya Pradesh... (1/2) https://t.co/QQd0VXUKr8,FAKE,REAL
Weighing risk vs reward on human challenge trials for coronavirus vaccine. https://t.co/5suYDGbpyK ‚öñÔ∏è,FAKE,REAL
The other number that jumps off the page is New York's testing ramp. But it's actually 4th in per-capita testing behind Washington Maine and New Mexico. https://t.co/HmeRyEjyrV,FAKE,REAL
What autopsies are revealing about the devastating effects of coronavirus on the body. https://t.co/2WMKvK8Pfe,FAKE,REAL
@CAALKESHKASLIWA @ICMRDELHI #COVID_19 treatment in all Govt. Dedicated #COVID hospitals is free of cost. For 50 crore beneficiaries of Ayushman Bharat Pradhan Mantri Jan Arogya Yojana can avail free testing and treatment for #COVID19 in empanelled private labs/hospitals.,FAKE,REAL
3/3 ... at the start was reasonably necessary" "But it's much more difficult now the huge numbers of coronavirus cases have reduced significantly and there's little commun¬≠ity transmission ‚Ä¶ to argue you still need those borders shut." Quote source: https://t.co/NQ7fSUVUwQ,REAL,FAKE
An oncologist faces his daughter's disregard for social distancing amid the COVID-19 pandemic. https://t.co/y7vhlk1yC5 https://t.co/aEmlEH6qGs,FAKE,REAL
What would the PM say to those who are being asked to abide by COVID rules who may be feeling that if the government can break the law why can't they?' - Labour's Catherine McKinnell PM says force of law is being used as the virus is "gaining ground". https://t.co/jM1wh1X9dF https://t.co/8agUPn8a6e,FAKE,REAL
Campers: Get ready to stop #COVID19 in its tracks! Here are some tips on how to stay safe at summer camp: https://t.co/aLTXRRWaVp. https://t.co/47A9xVuVAr,FAKE,REAL
The Health Authority confirmed 3 cases of the 2019 coronavirus in the country.,REAL,FAKE
Coronavirus: Unemployment rate climbs as pandemic takes toll https://t.co/4ZSrP1FkbK,FAKE,REAL
Have you wanted to make a difference during the pandemic but not sure how to safely go about it?
Collect or donate items/certificates for our Apocalypse Meow Auction!
This is an important part of our yearly fundraising to keep the Abby's Fund Health Care Grants available. https://t.co/zeWqC31b6d,REAL,FAKE
Finally India got its coronavirus Dashboard. This is the official website for coronavirus updates. This website is updated every four hours. Scroll down for more details; you can know more about coronavirus outbreak in your state by placing your finger on your state on the map.,REAL,FAKE
The percent of tests coming back positive is rising decisively in every region but the Northeast as well. https://t.co/RQ2Kx3G7Va,FAKE,REAL
RT @DrKhabbazCDC: In a new study @CDCgov pathologists found that the virus that causes #COVID19 lodges itself deep in the lungs and also a‚Ä¶,FAKE,REAL
@ThePollDude @ktwopines I always adhere to science: The FDA stated that it was no longer reasonable to believe that hydroxychloroquine and chloroquine were effective in treating COVID-19, and revoked their Emergency Use Authorization for these medications. #1,REAL,FAKE
Officials release edited coronavirus reopening guidance https://t.co/XM4BEeZav1,REAL,FAKE
Professor Chris Whitty reminds the public the coronavirus does not respect age, gender, geographical boundaries or Harry Styles‚Äô hopes of becoming a serious artiste https://t.co/oLqOGhiBeQ,REAL,FAKE
The goal of the mechanism is to deliver at least 2 billion doses of safe effective vaccines by the end of 2021. As governments invest trillions into economic stimulus the COVAX Facility offers a huge return on investment.-@DrTedros #COVID19 https://t.co/OxSQ9IHPbl,FAKE,REAL
‚ÄúThe government is getting this wrong they have not spent this summer as they should have done ramping up testing capacity.‚Äù Shadow minister @SteveReedMP says the reason for more local lockdowns is because of ‚Äúgovernment incompetence‚Äù. #KayBurley: https://t.co/apswxjCfGw https://t.co/k3DsTYFAEg,FAKE,REAL
Now private lab NABL Accredited Microphase Diagnostics conducting Covid Antigen, Antibody testing in AURANGABAD. Microphase Diagnostics is located in Juna Bazar near head post office, https://t.co/slXklkqG2g,REAL,FAKE
WHO expands coronavirus guidance after pressure from scientists over airborne spread https://t.co/URlntxXQYe,REAL,FAKE
Headline claims that North Macedonia has not received medical help from the European Union.,REAL,FAKE
Wearing a mask can prevent transmission of Covid-19,REAL,FAKE
Unions like @GoIUPAT are supporting their workers and communities during this pandemic. To build a stronger, more inclusive, and more resilient middle class after this crisis, we must encourage unionization. That starts with enacting the PRO Act. https://t.co/JbZbXnGHfx,REAL,FAKE
When you put all the studies and expert advice together it amounts to a relatively straightforward pandemic playbook: social distancing airflow awareness masks and preventing the spread of spit (by avoiding heavy breathing sneezing singing and shouting).,FAKE,REAL
Children in Oregon may be taken away if their parent or legal guardian tests positive for COVID-19.,REAL,FAKE
Boris Johnson shopping in England in the time of coronavirus.,REAL,FAKE
Coronavirus: Slovenia and Guadeloupe added to UK's quarantine list - but Thailand and Singapore removed https://t.co/O64TtmzkIp,FAKE,REAL
Gallup Poll: 75% Of U.S. Teachers Concerned About COVID-19 In Schools This Fall https://t.co/lCu5n7B6QW,REAL,FAKE
Singapore's Health ministry issued an advisory about the day-to-day progression of COVID-19 symptoms in patients during the first nine days of infection.,REAL,FAKE
Are kids with #COVID more contagious than adults? @methodsmanmd explores the viral load. https://t.co/8hGqlW0JK6 https://t.co/nglXfvsyJg,FAKE,REAL
@04051952n This provision of CGHS card being valid for availing facilities from any CGHS Wellness Centre in India is not just for #COVID19 but for other diseases as well as mentioned in the CGHS document in the earlier tweet.,FAKE,REAL
All Missouri businesses can open Monday May 4 under our new Order as long as new guidelines are followed.,REAL,FAKE
Focus on good nutrition as a part of self-care during the #COVID19 pandemic. Certain vitamins &amp; minerals may have effects on how the immune system works to fight off infections &amp; inflammation. You can obtain these nutrients through #food. Learn more: https://t.co/ywOxx6vJHK. https://t.co/Y8yNPIL6Q2,FAKE,REAL
Coronavirus: Sir Keir Starmer says second lockdown would be 'government failure - not an act of god' https://t.co/e5uyUTVlEj,FAKE,REAL
The UK government says it has responded well to the coronavirus pandemic. There is plenty of evidence to the contrary. https://t.co/Rzctmeowo4,FAKE,REAL
A study on the CV risk of hydroxychloroquine + azithromycin in rheumatoid arthritis has been added to this clinical reference. https://t.co/GATay941CY https://t.co/i2hCRx0AhU,FAKE,REAL
Victoria has received a lot of attention for extending its state of emergency. But it's the only state which needs to go to Parliament to do so. Other states have been quietly extending theirs with no parliamentary scrutiny: https://t.co/ljSZwObpsR #auspol #coronavirusFacts https://t.co/jDWBWgxp4E,REAL,FAKE
From June 26 Taipei Veterans General Hospital implements strict access control including a ban on patients visits. The local transmission in Taiwan is worse than what the Taiwan health ministry reported.,REAL,FAKE
Birx says COVID-19 outbreak not under control because ‚Äòpeople are on the move‚Äô https://t.co/YFqi6f7Rvj,REAL,FAKE
